{
  "IsEncrypted": false,
    "Values": {
        "AzureWebJobsStorage": "DefaultEndpointsProtocol=https;AccountName=storageaccountrpsgr821d;AccountKey=T9diGvUGyP+4RQkNNKDeTLgrNUeBDWFRV1OuPpp6F5VF1MCcnFbGIt8wgvlyFNmrw0vuohfOFJp75XNgMxOadg==;EndpointSuffix=core.windows.net",
        "FUNCTIONS_WORKER_RUNTIME": "dotnet",
        "AzureSignalRConnectionString": "Endpoint=https://rpssignalr.service.signalr.net;AccessKey=VSs1/jFkrVXNuFsd1HgoGCZ0lAyy18w1K1DAYbyXmmw=;Version=1.0;"
    },
  "Host": {
    "LocalHttpPort": 7071,
    "CORS": "http://localhost:3872",
    "CORSCredentials": true
  }
}