{
    "IsEncrypted": false,
    "Values": {
        "AzureServiceBusTopicName": "restaurant-orders",
        "AzureServiceBusSubscriptionName": "process-orders",
        "AzureServiceBusPrimaryConnectionString": "Endpoint=sb://rpsmtsb2020.servicebus.windows.net/;SharedAccessKeyName=RootManageSharedAccessKey;SharedAccessKey=9OPsiG2iMJQ5OoeKV/wR1Hz8X6dkwVGH+DJVGAbJ824=",
        "AzureTableStorageToWriteDataTo": "OrderTBL",
        "AzureTableStorageConnectionString": "DefaultEndpointsProtocol=https;AccountName=rpsatorageact;AccountKey=Fm1s4CqtYB0yDS+ORVc7dfjEfOo8xZ/eFzuBFZnvcR0hhvxoHaSU6a/jLK4Wm7ipCeuX7uJBDdeCUbjMr/7uDA==;EndpointSuffix=core.windows.net",
        "AzureWebJobsStorage": "DefaultEndpointsProtocol=https;AccountName=rpsatorageact;AccountKey=Fm1s4CqtYB0yDS+ORVc7dfjEfOo8xZ/eFzuBFZnvcR0hhvxoHaSU6a/jLK4Wm7ipCeuX7uJBDdeCUbjMr/7uDA==;EndpointSuffix=core.windows.net", //This is required for all trigger types except HTTP
        "FUNCTIONS_WORKER_RUNTIME": "dotnet"
    }
}