{
    "IsEncrypted": false,
    "Values": {
        "AzureServiceBusQueueName": "order-queue",
        "AzureServiceBusSubscriptionName": "rpsmtsb2020.servicebus.windows.net",
        "AzureServiceBusPrimaryConnectionString": "Endpoint=sb://rpsmtsb2020.servicebus.windows.net/;SharedAccessKeyName=producer;SharedAccessKey=z/yhKqDzcbCy30LZPBgqPZ+HNBwZNeKQRKsSvW5gGFE="
        //"AzureTableStorageToWriteDataTo": "[INSERT AZURE STORAGE TABLE NAME HERE]",
        //"AzureTableStorageConnectionString": "UseDevelopmentStorage=true",
        //"AzureWebJobsStorage": "UseDevelopmentStorage=true", //This is required for all trigger types except HTTP
        // "FUNCTIONS_WORKER_RUNTIME": "dotnet"
    }
}