{

    "IsEncrypted": false,
    "Values": {
        "AzureServiceBusQueueName": "buyerorders",
        "AzureServiceBusSubscriptionName": "rpsmtsb2020.servicebus.windows.net",
        "AzureServiceBusPrimaryConnectionString": "Endpoint=sb://rpsmtsb2020.servicebus.windows.net/;SharedAccessKeyName=RootManageSharedAccessKey;SharedAccessKey=CN3mFvpPGCOk5rcJUK6OJwiHsacF4wNfp9yVcLOPDUg=",
        "AzureTableStorageToWriteDataTo": "OrderTable",
        "AzureTableStorageConnectionString": "DefaultEndpointsProtocol=https;AccountName=storageaccountrpsgr821d;AccountKey=T9diGvUGyP+4RQkNNKDeTLgrNUeBDWFRV1OuPpp6F5VF1MCcnFbGIt8wgvlyFNmrw0vuohfOFJp75XNgMxOadg==;EndpointSuffix=core.windows.net",
        "AzureWebJobsStorage": "DefaultEndpointsProtocol=https;AccountName=storageaccountrpsgr821d;AccountKey=T9diGvUGyP+4RQkNNKDeTLgrNUeBDWFRV1OuPpp6F5VF1MCcnFbGIt8wgvlyFNmrw0vuohfOFJp75XNgMxOadg==;EndpointSuffix=core.windows.net", //This is required for all trigger types except HTTP
        "AzureSignalRConnectionString": "Endpoint=https://rpssignalr.service.signalr.net;AccessKey=VSs1/jFkrVXNuFsd1HgoGCZ0lAyy18w1K1DAYbyXmmw=;Version=1.0;",
        "FUNCTIONS_WORKER_RUNTIME": "dotnet"
    }
}