{

    "IsEncrypted": false,
    "Values": {
        "AzureServiceBusQueueName": "order-queue",
        "AzureServiceBusSubscriptionName": "rpsmtsb2020.servicebus.windows.net",
        "AzureServiceBusPrimaryConnectionString": "Endpoint=sb://rpsmtsb2020.servicebus.windows.net/;SharedAccessKeyName=RootManageSharedAccessKey;SharedAccessKey=/DzJpwEdIt9F44hXSfKRyoJy0NQrTZP/IbKaTOfT+xw=",
        "AzureTableStorageToWriteDataTo": "OrderTable",
        "AzureTableStorageConnectionString": "DefaultEndpointsProtocol=https;AccountName=storageaccountrpsgr821d;AccountKey=T9diGvUGyP+4RQkNNKDeTLgrNUeBDWFRV1OuPpp6F5VF1MCcnFbGIt8wgvlyFNmrw0vuohfOFJp75XNgMxOadg==;EndpointSuffix=core.windows.net",
        "AzureWebJobsStorage": "UseDevelopmentStorage=true", //This is required for all trigger types except HTTP
        "FUNCTIONS_WORKER_RUNTIME": "dotnet"
    }
}